bloque_id,codigo,hectareas,variedad_id
1,B01,2.79,30
2,B02,6.12,40
3,B03,6.64,30
4,B04,5.44,21
5,B05,7.52,8
6,B06,5.73,40
7,B07,7.45,23
8,B08,7.03,33
9,B09,4.42,11
10,B10,2.12,1
11,B11,3.91,19
12,B12,5.85,31
13,B13,5.83,23
14,B14,5.34,34
15,B15,3.29,22
16,B16,5.15,5
17,B17,3.99,2
18,B18,7.82,33
19,B19,7.02,13
20,B20,6.19,32
21,B21,3.03,3
22,B22,3.16,24
23,B23,1.76,27
24,B24,6.12,29
25,B25,2.22,16
26,B26,4.36,16
27,B27,2.81,41
28,B28,7.32,39
29,B29,4.59,10
30,B30,5.16,24
31,B31,6.02,12
32,B32,2.41,19
33,B33,5.43,36
34,B34,5.01,29
35,B35,2.82,38
36,B36,7.63,6
37,B37,5.39,25
38,B38,6.02,22
39,B39,7.22,36
40,B40,5.56,17
41,B41,3.42,11
42,B42,2.19,35
43,B43,4.47,8
44,B44,2.92,38
45,B45,4.21,28
46,B46,7.24,20
47,B47,3.61,2
48,B48,2.29,26
49,B49,3.82,21
50,B50,7.39,14
51,B51,3.27,25
52,B52,5.71,4
53,B53,1.5,18
54,B54,3.79,39
55,B55,3.48,9
56,B56,2.57,21
57,B57,4.97,7
58,B58,4.65,12
59,B59,6.0,37
60,B60,3.25,3
61,B61,3.09,22
62,B62,2.59,24
63,B63,2.92,24
64,B64,5.13,15
65,B65,4.12,11
66,B66,1.92,27
67,B67,3.15,39
68,B68,3.1,28
69,B69,6.03,2
70,B70,6.13,15
