variedad_id,nombre,tipo,color
1,Freedom,Rosa,Rojo
2,Explorer,Rosa,Rojo
3,Vendela,Rosa,Blanco
4,Mondial,Rosa,Blanco
5,Pink Floyd,Rosa,Rosado
6,Circus,Rosa,Bicolor
7,Million Star,Gypsophila,Blanco
8,Clavel Estandar,Clavel,Rojo
9,Aloha,Rosa,Rosado
10,Antique Explorer,Rosa,Rojo
11,Arctica,Rosa,Blanco
12,Art Deco,Rosa,Bicolor
13,Atomic,Rosa,Rojo
14,Barbiecore,Rosa,Rosado
15,Bellalinda Love,Rosa,Rosado
16,Blush,Rosa,Rosado
17,Cabaret,Rosa,Bicolor
18,Candlelight,Rosa,Amarillo
19,Cherry Brandy,Rosa,Naranja
20,Coffee Break,Rosa,Cafe
21,Cool Water,Rosa,Lila
22,Deep Purple,Rosa,Morado
23,Fuego,Rosa,Naranja
24,Goldfinch,Rosa,Amarillo
25,Green Romance,Rosa,Verde
26,High Orange Magic,Rosa,Naranja
27,Hot Sauce,Rosa,Rojo
28,Jessika,Rosa,Rosado
29,Lemonade,Rosa,Amarillo
30,Malibu,Rosa,Lila
31,Miss White,Rosa,Blanco
32,Moody Blues,Rosa,Lila
33,Orange Crush,Rosa,Naranja
34,Pink Mondial,Rosa,Rosado
35,Purple Moon,Rosa,Morado
36,Queens Crown,Rosa,Rojo
37,Red Paris,Rosa,Rojo
38,Shocking Blue,Rosa,Lila
39,Sunset Glory,Rosa,Naranja
40,Wasabi,Rosa,Verde
41,White Ohara,Rosa,Blanco
